青沥备开,醚牢备荐,楷飞备埃牢备荐,0技,1技,2技,3技,4技,5技,6技,7技,8技,9技,10技,11技,12技,13技,14技,15技,16技,17技,18技,19技,20技,21技,22技,23技,24技,25技,26技,27技,28技,29技,30技,31技,32技,33技,34技,35技,36技,37技,38技,39技,40技,41技,42技,43技,44技,45技,46技,47技,48技,49技,50技,51技,52技,53技,54技,55技,56技,57技,58技,59技,60技,61技,62技,63技,64技,65技,66技,67技,68技,69技,70技,71技,72技,73技,74技,75技,76技,77技,78技,79技,80技,81技,82技,83技,84技,85技,86技,87技,88技,89技,90技,91技,92技,93技,94技,95技,96技,97技,98技,99技,100技,巢_醚牢备荐,巢_楷飞备埃牢备荐,巢_0技,巢_1技,巢_2技,巢_3技,巢_4技,巢_5技,巢_6技,巢_7技,巢_8技,巢_9技,巢_10技,巢_11技,巢_12技,巢_13技,巢_14技,巢_15技,巢_16技,巢_17技,巢_18技,巢_19技,巢_20技,巢_21技,巢_22技,巢_23技,巢_24技,巢_25技,巢_26技,巢_27技,巢_28技,巢_29技,巢_30技,巢_31技,巢_32技,巢_33技,巢_34技,巢_35技,巢_36技,巢_37技,巢_38技,巢_39技,巢_40技,巢_41技,巢_42技,巢_43技,巢_44技,巢_45技,巢_46技,巢_47技,巢_48技,巢_49技,巢_50技,巢_51技,巢_52技,巢_53技,巢_54技,巢_55技,巢_56技,巢_57技,巢_58技,巢_59技,巢_60技,巢_61技,巢_62技,巢_63技,巢_64技,巢_65技,巢_66技,巢_67技,巢_68技,巢_69技,巢_70技,巢_71技,巢_72技,巢_73技,巢_74技,巢_75技,巢_76技,巢_77技,巢_78技,巢_79技,巢_80技,巢_81技,巢_82技,巢_83技,巢_84技,巢_85技,巢_86技,巢_87技,巢_88技,巢_89技,巢_90技,巢_91技,巢_92技,巢_93技,巢_94技,巢_95技,巢_96技,巢_97技,巢_98技,巢_99技,巢_100技,咯_醚牢备荐,咯_楷飞备埃牢备荐,咯_0技,咯_1技,咯_2技,咯_3技,咯_4技,咯_5技,咯_6技,咯_7技,咯_8技,咯_9技,咯_10技,咯_11技,咯_12技,咯_13技,咯_14技,咯_15技,咯_16技,咯_17技,咯_18技,咯_19技,咯_20技,咯_21技,咯_22技,咯_23技,咯_24技,咯_25技,咯_26技,咯_27技,咯_28技,咯_29技,咯_30技,咯_31技,咯_32技,咯_33技,咯_34技,咯_35技,咯_36技,咯_37技,咯_38技,咯_39技,咯_40技,咯_41技,咯_42技,咯_43技,咯_44技,咯_45技,咯_46技,咯_47技,咯_48技,咯_49技,咯_50技,咯_51技,咯_52技,咯_53技,咯_54技,咯_55技,咯_56技,咯_57技,咯_58技,咯_59技,咯_60技,咯_61技,咯_62技,咯_63技,咯_64技,咯_65技,咯_66技,咯_67技,咯_68技,咯_69技,咯_70技,咯_71技,咯_72技,咯_73技,咯_74技,咯_75技,咯_76技,咯_77技,咯_78技,咯_79技,咯_80技,咯_81技,咯_82技,咯_83技,咯_84技,咯_85技,咯_86技,咯_87技,咯_88技,咯_89技,咯_90技,咯_91技,咯_92技,咯_93技,咯_94技,咯_95技,咯_96技,咯_97技,咯_98技,咯_99技,咯_100技
傈惫  (0000000000),"51,558,441","51,558,441","243,024","269,417","286,380","313,812","342,461","377,913","427,897","445,340","440,274","459,694","482,154","490,404","455,814","454,617","485,668","475,095","444,010","444,797","483,824","482,463","515,096","592,284","631,703","620,836","651,657","676,139","694,559","698,256","710,396","722,184","720,474","665,077","649,038","630,604","613,308","619,878","639,215","646,442","691,077","765,442","828,980","838,059","841,403","787,241","751,334","755,627","750,571","804,448","877,180","887,180","885,279","943,970","894,604","934,367","884,829","831,735","823,035","830,883","760,869","856,261","808,445","945,046","893,601","799,002","739,373","723,659","660,933","678,964","548,122","506,422","526,857","394,414","429,572","425,655","416,400","403,670","282,101","311,697","299,529","325,150","334,815","268,294","240,798","228,298","198,840","176,340","154,487","133,772","107,803","86,545","70,896","51,888","43,136","34,642","25,571","17,931","11,461","8,288","5,476","5,501","8,469","25,699,579","25,699,579","124,233","138,089","146,778","161,259","175,740","194,062","218,737","228,058","225,675","235,208","247,603","252,154","234,829","233,995","249,889","244,409","229,409","229,925","250,632","250,150","268,189","308,074","329,090","324,182","338,503","350,850","365,293","370,153","376,942","382,699","378,116","347,819","340,950","330,228","316,832","317,873","329,763","332,152","353,602","390,088","421,636","429,144","426,751","398,839","381,498","384,898","381,842","407,085","445,316","447,424","452,420","479,832","453,505","469,660","442,532","417,444","420,909","416,637","383,895","435,423","406,616","467,281","438,118","394,306","366,631","356,004","322,135","326,197","263,871","241,623","250,651","185,690","201,247","197,926","192,485","183,055","127,848","136,567","126,607","135,431","137,012","106,332","91,901","84,436","71,021","60,228","49,891","41,142","31,407","23,639","18,268","12,254","9,178","7,846","5,119","3,412","2,027","1,506","1,130","1,087","1,532","25,858,862","25,858,862","118,791","131,328","139,602","152,553","166,721","183,851","209,160","217,282","214,599","224,486","234,551","238,250","220,985","220,622","235,779","230,686","214,601","214,872","233,192","232,313","246,907","284,210","302,613","296,654","313,154","325,289","329,266","328,103","333,454","339,485","342,358","317,258","308,088","300,376","296,476","302,005","309,452","314,290","337,475","375,354","407,344","408,915","414,652","388,402","369,836","370,729","368,729","397,363","431,864","439,756","432,859","464,138","441,099","464,707","442,297","414,291","402,126","414,246","376,974","420,838","401,829","477,765","455,483","404,696","372,742","367,655","338,798","352,767","284,251","264,799","276,206","208,724","228,325","227,729","223,915","220,615","154,253","175,130","172,922","189,719","197,803","161,962","148,897","143,862","127,819","116,112","104,596","92,630","76,396","62,906","52,628","39,634","33,958","26,796","20,452","14,519","9,434","6,782","4,346","4,414","6,937"
辑匡漂喊矫  (1100000000),"9,488,454","9,488,454","40,931","44,731","45,511","49,245","52,278","57,054","64,993","67,389","66,458","69,728","73,178","74,211","70,537","70,854","77,007","76,198","71,798","72,776","81,292","84,479","92,605","109,564","122,792","128,581","140,859","151,748","160,960","163,689","168,698","171,640","169,823","155,282","148,124","142,339","134,772","132,666","132,963","131,530","136,684","145,139","153,385","154,158","153,713","142,498","133,753","136,239","134,513","143,303","155,439","158,351","161,030","169,789","159,870","162,879","151,879","141,272","138,092","141,719","132,797","146,195","136,622","157,609","153,686","140,019","132,035","130,199","120,257","125,862","102,156","95,014","96,639","72,168","81,170","79,765","78,781","77,931","55,964","58,999","55,081","57,654","58,697","46,452","40,065","37,030","31,920","27,601","23,645","20,122","15,883","12,847","10,513","7,820","6,636","5,631","4,113","2,990","1,896","1,333","1,013",950,"1,706","4,601,295","4,601,295","21,115","23,013","23,458","25,684","26,926","29,115","33,125","34,405","34,172","35,784","37,526","38,155","36,187","36,346","39,714","39,133","36,951","37,434","41,351","41,960","44,702","52,235","58,066","60,160","65,275","70,459","76,652","79,900","83,359","85,408","84,233","77,554","74,448","71,598","67,149","66,039","66,334","65,641","68,565","72,411","76,366","77,515","75,788","70,255","65,891","67,067","66,636","70,769","76,959","77,814","80,135","84,265","79,074","80,112","74,196","69,027","68,882","69,159","64,909","72,003","66,886","74,936","72,363","66,680","62,926","61,067","56,352","58,313","47,491","44,195","45,083","33,318","37,358","36,292","35,845","35,025","24,977","26,545","24,217","25,689","25,859","20,153","16,759","15,117","12,678","10,397","8,569","6,954","5,131","3,951","3,145","2,102","1,649","1,474",978,664,392,301,240,246,414,"4,887,159","4,887,159","19,816","21,718","22,053","23,561","25,352","27,939","31,868","32,984","32,286","33,944","35,652","36,056","34,350","34,508","37,293","37,065","34,847","35,342","39,941","42,519","47,903","57,329","64,726","68,421","75,584","81,289","84,308","83,789","85,339","86,232","85,590","77,728","73,676","70,741","67,623","66,627","66,629","65,889","68,119","72,728","77,019","76,643","77,925","72,243","67,862","69,172","67,877","72,534","78,480","80,537","80,895","85,524","80,796","82,767","77,683","72,245","69,210","72,560","67,888","74,192","69,736","82,673","81,323","73,339","69,109","69,132","63,905","67,549","54,665","50,819","51,556","38,850","43,812","43,473","42,936","42,906","30,987","32,454","30,864","31,965","32,838","26,299","23,306","21,913","19,242","17,204","15,076","13,168","10,752","8,896","7,368","5,718","4,987","4,157","3,135","2,326","1,504","1,032",773,704,"1,292"
何魂堡开矫  (2600000000),"3,331,444","3,331,444","13,658","15,036","16,198","17,852","20,364","22,513","25,675","26,473","26,238","26,789","28,061","28,338","25,610","25,484","26,966","26,108","24,518","24,974","27,421","27,885","30,119","36,364","39,985","39,231","41,301","42,472","43,304","42,718","43,470","43,884","43,785","40,097","39,633","38,074","36,554","36,586","37,680","38,547","41,697","46,689","50,909","53,019","53,365","49,035","46,140","45,408","44,600","48,947","53,042","53,905","54,299","57,745","55,744","58,113","55,867","53,361","53,041","52,340","49,708","58,305","56,762","67,112","64,281","58,899","55,960","56,352","52,562","54,508","44,340","41,875","42,679","33,709","35,504","35,078","34,070","31,422","21,193","24,574","23,185","24,843","23,969","19,814","17,287","15,773","13,068","11,437","9,682","8,296","6,463","5,077","4,229","3,038","2,346","2,062","1,574","1,052",637,472,305,276,435,"1,627,821","1,627,821","6,955","7,769","8,336","9,051","10,499","11,485","13,153","13,577","13,530","13,736","14,401","14,403","13,341","13,024","13,855","13,407","12,639","12,867","14,145","14,381","15,288","18,607","20,572","20,258","21,272","21,849","22,670","22,247","22,498","23,014","22,632","20,795","20,674","19,679","18,709","18,550","19,457","19,736","21,256","23,505","25,794","26,958","27,087","24,690","23,489","23,151","22,499","24,510","26,640","26,721","27,140","28,498","27,459","28,415","27,073","25,731","26,094","24,980","24,061","28,302","27,219","31,401","30,057","27,960","26,669","26,720","24,560","25,422","21,107","19,297","19,853","15,573","16,247","15,859","15,364","14,077","9,742","10,879","10,068","10,628","10,036","7,933","6,756","5,996","4,752","4,025","3,158","2,496","1,904","1,390","1,059",728,505,453,285,167,106,65,60,45,86,"1,703,623","1,703,623","6,703","7,267","7,862","8,801","9,865","11,028","12,522","12,896","12,708","13,053","13,660","13,935","12,269","12,460","13,111","12,701","11,879","12,107","13,276","13,504","14,831","17,757","19,413","18,973","20,029","20,623","20,634","20,471","20,972","20,870","21,153","19,302","18,959","18,395","17,845","18,036","18,223","18,811","20,441","23,184","25,115","26,061","26,278","24,345","22,651","22,257","22,101","24,437","26,402","27,184","27,159","29,247","28,285","29,698","28,794","27,630","26,947","27,360","25,647","30,003","29,543","35,711","34,224","30,939","29,291","29,632","28,002","29,086","23,233","22,578","22,826","18,136","19,257","19,219","18,706","17,345","11,451","13,695","13,117","14,215","13,933","11,881","10,531","9,777","8,316","7,412","6,524","5,800","4,559","3,687","3,170","2,310","1,841","1,609","1,289",885,531,407,245,231,349
措备堡开矫  (2700000000),"2,371,936","2,371,936","9,960","11,036","12,445","13,664","15,467","17,339","19,728","20,414","20,009","20,841","22,121","21,962","20,534","20,521","22,125","21,769","20,536","21,009","23,234","23,500","24,821","28,882","31,290","29,286","30,539","31,286","31,392","30,926","30,874","30,995","31,131","28,199","28,091","26,916","25,318","26,039","26,793","26,806","28,976","32,913","35,773","36,973","36,974","34,957","33,392","34,426","34,661","37,429","40,825","41,681","42,029","44,125","43,067","44,467","43,754","40,974","40,074","40,175","37,046","41,256","39,686","45,147","42,076","38,220","33,083","34,266","31,407","31,746","25,608","26,017","26,461","19,674","20,581","21,884","20,158","18,344","11,664","13,767","14,684","15,760","15,416","12,414","11,162","10,278","8,906","7,802","6,858","5,871","4,671","3,620","3,039","2,134","1,575","1,267","1,003",654,392,295,181,159,261,"1,167,564","1,167,564","5,094","5,694","6,405","7,115","7,876","8,831","10,097","10,441","10,190","10,689","11,296","11,341","10,613","10,596","11,535","11,067","10,729","10,965","12,174","12,339","13,122","15,114","16,547","15,639","16,351","16,327","16,718","16,420","16,513","16,612","16,744","15,155","15,237","14,622","13,617","13,766","14,284","13,973","14,747","16,248","17,772","18,425","18,234","17,268","16,605","17,128","17,198","18,365","20,014","20,255","20,681","21,668","21,055","21,635","21,517","19,851","19,822","19,411","18,032","20,341","19,434","21,667","19,903","18,358","16,162","16,455","14,968","14,678","11,994","11,784","12,042","8,889","9,456","9,760","8,876","7,960","5,144","5,792","5,935","6,499","6,275","4,734","4,156","3,788","3,080","2,705","2,235","1,861","1,384","1,031",849,494,295,277,193,116,69,55,34,26,31,"1,204,372","1,204,372","4,866","5,342","6,040","6,549","7,591","8,508","9,631","9,973","9,819","10,152","10,825","10,621","9,921","9,925","10,590","10,702","9,807","10,044","11,060","11,161","11,699","13,768","14,743","13,647","14,188","14,959","14,674","14,506","14,361","14,383","14,387","13,044","12,854","12,294","11,701","12,273","12,509","12,833","14,229","16,665","18,001","18,548","18,740","17,689","16,787","17,298","17,463","19,064","20,811","21,426","21,348","22,457","22,012","22,832","22,237","21,123","20,252","20,764","19,014","20,915","20,252","23,480","22,173","19,862","16,921","17,811","16,439","17,068","13,614","14,233","14,419","10,785","11,125","12,124","11,282","10,384","6,520","7,975","8,749","9,261","9,141","7,680","7,006","6,490","5,826","5,097","4,623","4,010","3,287","2,589","2,190","1,640","1,280",990,810,538,323,240,147,133,230
牢玫堡开矫  (2800000000),"2,963,117","2,963,117","14,468","15,688","17,005","18,963","19,923","22,144","24,886","26,204","25,440","26,747","27,853","28,967","26,442","26,516","28,009","27,666","25,587","25,350","27,503","27,484","29,302","33,264","35,745","35,433","37,617","39,807","41,045","41,829","43,522","44,627","44,868","41,498","39,787","38,429","36,794","36,912","38,613","39,111","41,568","46,233","50,062","50,967","50,857","46,961","45,157","44,432","43,635","47,672","50,776","51,910","51,582","54,578","52,148","54,386","51,842","48,730","48,844","50,659","46,671","52,362","48,799","55,267","52,447","46,051","42,437","40,223","35,777","36,429","28,570","25,942","26,612","18,477","21,287","20,953","20,531","20,461","14,305","14,863","14,095","15,175","15,281","12,155","10,701","10,357","9,026","7,811","7,087","6,065","4,814","4,118","3,359","2,512","2,070","1,734","1,230",968,570,479,274,292,433,"1,483,370","1,483,370","7,308","8,045","8,811","9,733","10,290","11,324","12,706","13,415","13,062","13,633","14,301","14,991","13,570","13,574","14,305","14,292","13,090","12,999","14,094","14,201","15,219","17,297","18,642","18,340","19,311","20,513","21,365","21,986","23,005","23,528","23,384","21,774","20,815","20,209","19,008","18,984","19,984","20,261","21,449","23,699","25,797","26,370","26,174","24,205","22,990","22,888","22,523","24,312","25,944","26,145","26,224","27,575","26,156","26,875","25,302","24,125","24,424","25,068","23,340","26,563","24,447","27,708","26,035","22,989","21,106","19,885","17,535","17,626","13,786","12,520","12,912","8,827","10,327","9,778","9,648","9,204","6,494","6,567","6,151","6,354","6,195","4,729","4,079","3,780","3,226","2,523","2,252","1,840","1,336","1,065",786,576,357,376,262,189,86,76,51,81,89,"1,479,747","1,479,747","7,160","7,643","8,194","9,230","9,633","10,820","12,180","12,789","12,378","13,114","13,552","13,976","12,872","12,942","13,704","13,374","12,497","12,351","13,409","13,283","14,083","15,967","17,103","17,093","18,306","19,294","19,680","19,843","20,517","21,099","21,484","19,724","18,972","18,220","17,786","17,928","18,629","18,850","20,119","22,534","24,265","24,597","24,683","22,756","22,167","21,544","21,112","23,360","24,832","25,765","25,358","27,003","25,992","27,511","26,540","24,605","24,420","25,591","23,331","25,799","24,352","27,559","26,412","23,062","21,331","20,338","18,242","18,803","14,784","13,422","13,700","9,650","10,960","11,175","10,883","11,257","7,811","8,296","7,944","8,821","9,086","7,426","6,622","6,577","5,800","5,288","4,835","4,225","3,478","3,053","2,573","1,936","1,713","1,358",968,779,484,403,223,211,344
堡林堡开矫  (2900000000),"1,434,397","1,434,397","7,315","8,115","8,301","9,183","10,357","11,370","13,071","13,459","13,610","14,314","14,972","15,303","14,459","14,382","15,560","15,540","14,388","14,511","15,787","15,945","17,093","19,747","20,705","20,137","20,687","21,017","20,973","20,749","20,170","19,997","19,823","17,611","17,057","16,260","15,946","16,219","17,099","17,359","19,278","21,710","23,886","22,926","23,849","23,019","21,767","22,310","22,086","23,338","25,814","25,796","25,295","26,998","25,116","25,542","24,859","22,654","23,163","21,652","20,151","22,173","19,698","22,742","22,472","19,718","18,068","17,094","15,086","15,838","12,514","11,496","12,421","10,602","10,824","10,990","10,413","10,433","7,461","7,900","7,076","7,691","8,501","6,491","5,727","5,141","4,704","4,106","3,316","3,052","2,542","1,903","1,513","1,193","1,129",763,541,387,265,188,90,145,190,"709,090","709,090","3,754","4,150","4,164","4,659","5,363","5,925","6,608","6,977","6,962","7,421","7,724","7,895","7,481","7,376","8,072","8,066","7,423","7,501","8,217","8,311","8,847","10,264","10,780","10,390","10,797","11,037","10,958","10,700","10,681","10,533","10,307","9,113","8,973","8,390","8,170","8,210","8,670","8,836","9,810","11,009","11,978","11,541","11,793","11,332","10,708","11,165","11,053","11,560","12,929","12,706","12,540","13,410","12,520","12,610","12,323","11,230","11,571","10,629","10,024","11,078","9,627","11,026","10,733","9,412","8,576","8,121","7,289","7,438","5,787","5,259","5,721","4,814","4,882","4,925","4,585","4,582","3,353","3,384","3,008","3,275","3,574","2,518","2,206","1,959","1,704","1,427","1,090",945,766,501,403,260,231,194,100,73,40,26,16,14,22,"725,307","725,307","3,561","3,965","4,137","4,524","4,994","5,445","6,463","6,482","6,648","6,893","7,248","7,408","6,978","7,006","7,488","7,474","6,965","7,010","7,570","7,634","8,246","9,483","9,925","9,747","9,890","9,980","10,015","10,049","9,489","9,464","9,516","8,498","8,084","7,870","7,776","8,009","8,429","8,523","9,468","10,701","11,908","11,385","12,056","11,687","11,059","11,145","11,033","11,778","12,885","13,090","12,755","13,588","12,596","12,932","12,536","11,424","11,592","11,023","10,127","11,095","10,071","11,716","11,739","10,306","9,492","8,973","7,797","8,400","6,727","6,237","6,700","5,788","5,942","6,065","5,828","5,851","4,108","4,516","4,068","4,416","4,927","3,973","3,521","3,182","3,000","2,679","2,226","2,107","1,776","1,402","1,110",933,898,569,441,314,225,162,74,131,168
措傈堡开矫  (3000000000),"1,448,240","1,448,240","7,417","7,959","8,085","8,881","9,655","11,030","12,233","12,825","12,592","13,351","13,661","14,309","13,221","13,319","14,471","14,401","13,433","13,615","15,020","14,837","16,240","18,848","20,243","20,341","21,144","22,007","21,952","21,884","21,717","21,737","21,238","19,566","18,792","18,056","17,643","17,591","17,929","17,777","18,727","20,793","22,576","23,059","22,809","21,887","21,278","21,706","21,434","22,884","25,367","25,590","24,996","26,997","25,387","27,345","25,292","22,934","21,517","22,901","19,992","22,352","22,075","25,989","23,985","20,921","19,309","19,210","17,655","17,922","14,529","12,773","13,356","9,923","11,281","10,810","10,162","9,540","6,811","7,578","7,508","7,780","8,242","6,245","5,451","5,433","4,781","4,120","3,639","3,129","2,580","2,050","1,686","1,188","1,007",811,630,411,259,186,129,124,179,"722,486","722,486","3,827","4,108","4,160","4,483","4,974","5,620","6,297","6,639","6,460","6,808","7,115","7,398","6,800","6,836","7,520","7,425","6,941","7,132","7,781","7,597","8,286","9,488","10,395","10,656","11,012","11,506","11,714","11,861","11,587","11,708","11,278","10,251","10,146","9,752","9,460","9,178","9,389","9,170","9,549","10,653","11,333","11,582","11,368","10,889","10,560","10,764","10,614","11,428","12,626","12,579","12,626","13,541","12,884","13,627","12,432","11,387","10,922","11,273","9,949","11,173","10,987","12,632","11,546","10,079","9,435","9,509","8,488","8,530","6,844","6,170","6,372","4,687","5,282","5,053","4,697","4,320","3,134","3,293","3,261","3,250","3,457","2,499","2,110","2,023","1,791","1,446","1,181",967,787,622,462,289,223,181,125,86,49,37,20,16,29,"725,754","725,754","3,590","3,851","3,925","4,398","4,681","5,410","5,936","6,186","6,132","6,543","6,546","6,911","6,421","6,483","6,951","6,976","6,492","6,483","7,239","7,240","7,954","9,360","9,848","9,685","10,132","10,501","10,238","10,023","10,130","10,029","9,960","9,315","8,646","8,304","8,183","8,413","8,540","8,607","9,178","10,140","11,243","11,477","11,441","10,998","10,718","10,942","10,820","11,456","12,741","13,011","12,370","13,456","12,503","13,718","12,860","11,547","10,595","11,628","10,043","11,179","11,088","13,357","12,439","10,842","9,874","9,701","9,167","9,392","7,685","6,603","6,984","5,236","5,999","5,757","5,465","5,220","3,677","4,285","4,247","4,530","4,785","3,746","3,341","3,410","2,990","2,674","2,458","2,162","1,793","1,428","1,224",899,784,630,505,325,210,149,109,108,150
匡魂堡开矫  (3100000000),"1,113,458","1,113,458","5,414","6,194","6,761","7,385","8,258","9,372","10,526","11,107","11,022","11,292","11,626","11,823","10,907","10,908","11,529","11,216","10,277","10,147","10,803","10,241","10,864","12,281","13,070","12,420","13,077","13,718","13,888","14,014","14,098","14,534","14,480","13,540","13,697","13,353","12,805","13,208","13,756","13,915","15,320","17,218","18,835","19,222","19,435","17,870","17,123","16,968","16,387","17,864","19,158","19,570","19,875","21,344","20,661","22,030","21,412","20,573","20,846","20,368","18,309","20,287","19,036","22,262","19,726","17,853","16,263","15,541","13,936","13,945","11,275","10,385","10,165","7,971","7,823","7,710","7,324","6,440","4,128","4,842","4,495","5,118","4,666","3,635","3,391","2,948","2,550","2,235","1,938","1,679","1,440","1,139",879,645,468,445,302,210,143,109,76,56,65,"571,867","571,867","2,747","3,194","3,370","3,805","4,214","4,858","5,477","5,754","5,620","5,757","6,046","6,142","5,709","5,735","5,889","5,877","5,340","5,368","5,772","5,612","6,028","6,944","7,277","6,970","7,332","7,783","7,980","7,968","7,952","8,203","8,060","7,296","7,512","7,392","6,965","7,067","7,252","7,362","7,908","8,927","9,612","10,030","10,073","9,164","8,928","8,912","8,380","8,986","9,564","9,735","9,910","10,603","10,267","10,852","10,664","10,276","10,926","10,525","9,389","10,652","9,878","11,263","9,945","9,049","8,242","7,766","6,906","6,907","5,605","5,140","5,025","3,975","3,846","3,842","3,570","3,098","1,980","2,213","1,928","2,196","1,927","1,472","1,272","1,098",831,689,535,479,393,281,191,121,81,90,39,29,19,12,11,7,4,"541,591","541,591","2,667","3,000","3,391","3,580","4,044","4,514","5,049","5,353","5,402","5,535","5,580","5,681","5,198","5,173","5,640","5,339","4,937","4,779","5,031","4,629","4,836","5,337","5,793","5,450","5,745","5,935","5,908","6,046","6,146","6,331","6,420","6,244","6,185","5,961","5,840","6,141","6,504","6,553","7,412","8,291","9,223","9,192","9,362","8,706","8,195","8,056","8,007","8,878","9,594","9,835","9,965","10,741","10,394","11,178","10,748","10,297","9,920","9,843","8,920","9,635","9,158","10,999","9,781","8,804","8,021","7,775","7,030","7,038","5,670","5,245","5,140","3,996","3,977","3,868","3,754","3,342","2,148","2,629","2,567","2,922","2,739","2,163","2,119","1,850","1,719","1,546","1,403","1,200","1,047",858,688,524,387,355,263,181,124,97,65,49,61
技辆漂喊磊摹矫  (3600000000),"381,439","381,439","3,147","3,635","3,757","4,224","4,597","4,971","5,492","5,652","5,455","5,632","5,753","5,715","5,282","5,259","5,231","4,823","4,391","3,975","3,975","3,529","3,515","3,662","3,742","3,511","3,529","3,601","3,825","4,108","4,471","4,939","5,299","5,296","5,455","5,548","5,858","6,206","6,304","6,614","6,970","7,732","8,730","8,521","8,519","8,024","7,281","7,180","6,683","6,991","7,198","6,680","6,370","6,523","5,707","5,776","5,199","4,640","4,268","4,463","3,902","4,284","3,977","4,804","4,276","3,900","3,469","3,406","3,212","3,220","2,516","2,172","2,297","1,648","1,903","1,902","1,576","1,558","1,088","1,163","1,195","1,189","1,267","1,070",931,913,792,713,704,623,520,429,338,258,208,187,141,90,44,38,19,32,32,"190,276","190,276","1,584","1,825","1,898","2,153","2,338","2,507","2,832","2,888","2,796","2,868","2,964","2,953","2,689","2,645","2,533","2,388","2,215","1,985","1,954","1,771","1,870","1,950","1,975","1,814","1,842","1,828","1,955","2,098","2,229","2,452","2,593","2,463","2,658","2,783","2,880","3,057","3,127","3,289","3,411","3,657","4,240","4,197","4,260","3,935","3,576","3,629","3,373","3,616","3,714","3,517","3,466","3,438","3,051","3,032","2,703","2,372","2,212","2,284","2,011","2,237","2,015","2,433","2,099","1,916","1,727","1,661","1,619","1,582","1,221","1,059","1,107",786,930,923,767,720,500,517,508,503,546,422,343,329,285,247,218,170,159,98,73,62,47,32,21,20,8,8,3,4,8,"191,163","191,163","1,563","1,810","1,859","2,071","2,259","2,464","2,660","2,764","2,659","2,764","2,789","2,762","2,593","2,614","2,698","2,435","2,176","1,990","2,021","1,758","1,645","1,712","1,767","1,697","1,687","1,773","1,870","2,010","2,242","2,487","2,706","2,833","2,797","2,765","2,978","3,149","3,177","3,325","3,559","4,075","4,490","4,324","4,259","4,089","3,705","3,551","3,310","3,375","3,484","3,163","2,904","3,085","2,656","2,744","2,496","2,268","2,056","2,179","1,891","2,047","1,962","2,371","2,177","1,984","1,742","1,745","1,593","1,638","1,295","1,113","1,190",862,973,979,809,838,588,646,687,686,721,648,588,584,507,466,486,453,361,331,265,196,161,155,120,70,36,30,16,28,24
版扁档  (4100000000),"13,590,056","13,590,056","73,111","80,275","85,000","93,054","100,842","111,122","125,301","130,333","127,710","132,559","138,920","140,592","130,048","129,640","137,988","133,734","123,868","123,194","134,543","134,250","140,058","159,515","168,610","166,676","176,210","182,083","186,629","189,460","193,252","198,274","199,481","186,625","181,218","178,295","175,093","176,814","182,974","185,590","197,508","219,099","237,883","240,872","239,807","223,800","212,824","213,768","211,500","223,785","242,850","243,781","244,683","257,748","242,148","250,734","233,464","218,381","214,366","217,372","197,582","218,087","201,916","231,734","215,754","191,321","176,080","165,979","150,337","152,547","121,056","110,817","113,407","80,066","88,903","88,055","87,747","86,805","62,568","66,862","62,779","65,925","68,172","55,517","49,129","46,347","40,925","36,417","31,506","27,394","22,014","17,659","14,494","10,585","9,087","7,302","5,462","3,809","2,468","1,808","1,256","1,175","1,889","6,840,757","6,840,757","37,522","40,996","43,309","47,923","51,540","57,180","63,779","66,796","65,193","67,698","71,083","72,045","66,647","66,431","70,645","68,372","63,666","62,952","69,225","69,704","73,208","83,011","87,957","87,027","91,605","95,519","99,060","101,679","103,657","106,295","105,798","97,999","95,114","93,257","90,453","90,906","94,374","95,418","101,374","112,376","121,777","123,332","122,102","113,577","108,251","109,016","107,728","113,489","123,242","122,988","125,014","130,561","122,874","125,488","116,034","109,501","109,772","109,896","100,804","111,971","102,532","116,396","108,168","95,868","88,849","82,558","74,086","74,219","58,877","53,633","54,473","37,827","41,693","41,131","40,832","39,534","28,349","29,533","26,798","27,869","28,562","22,653","19,260","17,589","15,182","12,891","10,501","8,796","6,703","5,041","3,965","2,680","2,126","1,718","1,132",727,482,334,293,283,404,"6,749,299","6,749,299","35,589","39,279","41,691","45,131","49,302","53,942","61,522","63,537","62,517","64,861","67,837","68,547","63,401","63,209","67,343","65,362","60,202","60,242","65,318","64,546","66,850","76,504","80,653","79,649","84,605","86,564","87,569","87,781","89,595","91,979","93,683","88,626","86,104","85,038","84,640","85,908","88,600","90,172","96,134","106,723","116,106","117,540","117,705","110,223","104,573","104,752","103,772","110,296","119,608","120,793","119,669","127,187","119,274","125,246","117,430","108,880","104,594","107,476","96,778","106,116","99,384","115,338","107,586","95,453","87,231","83,421","76,251","78,328","62,179","57,184","58,934","42,239","47,210","46,924","46,915","47,271","34,219","37,329","35,981","38,056","39,610","32,864","29,869","28,758","25,743","23,526","21,005","18,598","15,311","12,618","10,529","7,905","6,961","5,584","4,330","3,082","1,986","1,474",963,892,"1,485"
碍盔档  (4200000000),"1,538,801","1,538,801","7,096","7,852","8,374","8,730","9,193","10,013","11,140","11,626","11,496","12,316","13,026","13,423","12,688","12,585","13,346","13,381","12,848","12,957","14,092","13,963","15,211","17,325","18,293","17,472","17,499","17,433","17,285","17,006","17,100","17,146","17,217","15,733","15,578","15,125","14,844","14,920","15,421","15,924","16,951","19,199","21,008","21,282","21,250","20,473","20,201","20,182","20,590","22,278","25,050","25,396","24,870","27,115","26,333","28,005","27,140","25,855","26,197","25,071","24,542","28,708","27,412","33,367","31,837","28,869","27,848","27,227","24,204","24,942","20,418","17,885","20,167","12,662","13,025","13,832","14,623","14,215","11,350","13,069","12,402","12,680","13,179","11,559","10,510","9,637","8,688","7,237","6,301","5,305","4,307","3,438","2,753","2,188","1,897","1,571","1,124",810,594,424,283,229,360,"774,193","774,193","3,591","4,019","4,321","4,396","4,733","5,155","5,749","5,884","5,932","6,312","6,712","6,859","6,565","6,520","6,876","7,008","6,704","6,750","7,417","7,271","8,108","9,473","10,172","10,039","10,104","9,952","9,793","9,682","9,665","9,586","9,319","8,604","8,508","8,073","7,788","7,759","8,155","8,351","8,762","9,806","10,601","10,906","10,696","10,347","10,219","10,341","10,525","11,374","12,895","13,116","13,155","14,078","13,725","14,448","14,151","13,288","13,589","12,529","12,589","14,724","13,943","16,572","15,620","14,451","13,965","13,928","12,190","12,465","10,121","8,757","9,762","5,883","6,012","6,502","6,794","6,615","5,129","5,755","5,187","5,281","5,291","4,539","4,021","3,579","3,156","2,549","2,052","1,545","1,182",935,640,511,390,332,199,142,115,107,73,63,71,"764,608","764,608","3,505","3,833","4,053","4,334","4,460","4,858","5,391","5,742","5,564","6,004","6,314","6,564","6,123","6,065","6,470","6,373","6,144","6,207","6,675","6,692","7,103","7,852","8,121","7,433","7,395","7,481","7,492","7,324","7,435","7,560","7,898","7,129","7,070","7,052","7,056","7,161","7,266","7,573","8,189","9,393","10,407","10,376","10,554","10,126","9,982","9,841","10,065","10,904","12,155","12,280","11,715","13,037","12,608","13,557","12,989","12,567","12,608","12,542","11,953","13,984","13,469","16,795","16,217","14,418","13,883","13,299","12,014","12,477","10,297","9,128","10,405","6,779","7,013","7,330","7,829","7,600","6,221","7,314","7,215","7,399","7,888","7,020","6,489","6,058","5,532","4,688","4,249","3,760","3,125","2,503","2,113","1,677","1,507","1,239",925,668,479,317,210,166,289
面没合档  (4300000000),"1,596,886","1,596,886","7,457","8,414","8,823","9,770","10,976","11,775","13,331","13,453","13,549","14,303","14,933","15,332","14,309","14,027","15,155","14,660","13,761","13,813","14,985","14,696","15,621","18,172","18,505","18,282","18,742","19,476","20,317","20,180","20,550","20,786","20,136","18,477","18,093","17,385","17,369","17,835","18,304","18,430","19,970","22,205","24,115","23,218","23,977","22,601","21,984","21,913","22,158","24,065","26,596","26,476","25,318","27,976","26,886","30,289","28,035","27,021","26,822","27,222","23,077","27,101","27,007","33,473","28,683","26,712","25,593","25,109","22,660","22,164","18,928","16,772","18,429","12,366","12,792","13,292","12,997","12,433","9,133","10,563","10,343","11,593","12,041","9,623","8,703","8,548","7,504","6,853","6,169","5,310","4,198","3,444","2,610","1,874","1,570","1,289",883,657,423,295,188,159,296,"811,289","811,289","3,781","4,295","4,549","5,065","5,611","6,071","6,878","6,792","6,818","7,281","7,641","7,863","7,348","7,337","7,883","7,492","7,122","7,195","7,911","7,738","8,289","9,792","10,053","10,215","10,292","10,760","11,473","11,411","11,879","11,898","11,592","10,293","10,021","9,474","9,282","9,509","9,748","9,683","10,546","11,489","12,453","12,158","12,348","11,800","11,363","11,363","11,481","12,348","13,717","13,725","13,198","14,540","13,916","15,362","14,160","13,923","13,958","13,939","11,827","14,178","13,860","17,130","14,273","13,477","13,116","12,710","11,418","10,883","9,367","8,231","8,982","5,920","6,104","6,471","6,193","5,679","4,183","4,639","4,267","4,673","4,752","3,762","3,249","3,111","2,620","2,298","1,931","1,590","1,153",895,649,390,325,296,174,131,71,62,42,27,58,"785,597","785,597","3,676","4,119","4,274","4,705","5,365","5,704","6,453","6,661","6,731","7,022","7,292","7,469","6,961","6,690","7,272","7,168","6,639","6,618","7,074","6,958","7,332","8,380","8,452","8,067","8,450","8,716","8,844","8,769","8,671","8,888","8,544","8,184","8,072","7,911","8,087","8,326","8,556","8,747","9,424","10,716","11,662","11,060","11,629","10,801","10,621","10,550","10,677","11,717","12,879","12,751","12,120","13,436","12,970","14,927","13,875","13,098","12,864","13,283","11,250","12,923","13,147","16,343","14,410","13,235","12,477","12,399","11,242","11,281","9,561","8,541","9,447","6,446","6,688","6,821","6,804","6,754","4,950","5,924","6,076","6,920","7,289","5,861","5,454","5,437","4,884","4,555","4,238","3,720","3,045","2,549","1,961","1,484","1,245",993,709,526,352,233,146,132,238
面没巢档  (4400000000),"2,121,082","2,121,082","10,077","11,427","12,493","13,680","14,898","16,427","18,287","19,182","19,026","20,037","20,991","21,336","20,159","19,822","21,079","20,488","19,171","18,886","19,924","19,466","20,597","23,262","23,955","22,590","22,670","23,153","23,665","23,867","24,316","25,165","25,301","23,543","23,596","23,718","23,914","24,602","25,236","25,626","27,653","31,235","33,832","33,656","34,014","31,605","30,506","30,576","30,262","32,541","35,209","35,125","33,996","37,332","34,397","37,814","34,967","33,254","30,319","35,425","29,946","34,066","33,351","41,177","38,126","32,897","30,326","29,774","28,429","29,338","23,648","20,902","23,207","17,714","20,590","19,809","18,779","18,087","12,190","13,818","14,613","15,761","17,588","13,023","12,212","12,928","11,418","10,468","9,616","8,459","6,770","5,594","4,721","3,064","2,477","2,109","1,505","1,013",682,458,309,314,456,"1,085,209","1,085,209","5,145","5,966","6,423","6,954","7,578","8,445","9,288","9,829","9,778","10,158","10,818","11,100","10,425","10,316","10,855","10,636","9,926","9,798","10,317","10,139","10,932","12,465","13,057","12,564","12,660","12,853","13,333","13,738","13,869","13,960","13,995","13,029","13,006","13,013","12,879","13,074","13,527","13,738","14,661","16,619","17,968","18,128","17,935","16,773","16,469","16,341","15,864","17,110","18,860","18,743","18,413","20,145","18,377","20,030","18,394","17,591","16,101","18,656","15,666","18,003","17,406","21,353","19,194","16,586","15,304","15,149","14,232","14,499","11,511","10,219","11,260","8,609","9,859","9,443","8,974","8,503","5,819","6,072","6,121","6,427","6,933","5,046","4,560","4,623","4,005","3,592","3,140","2,670","2,049","1,608","1,257",744,591,481,323,216,127,97,51,56,67,"1,035,873","1,035,873","4,932","5,461","6,070","6,726","7,320","7,982","8,999","9,353","9,248","9,879","10,173","10,236","9,734","9,506","10,224","9,852","9,245","9,088","9,607","9,327","9,665","10,797","10,898","10,026","10,010","10,300","10,332","10,129","10,447","11,205","11,306","10,514","10,590","10,705","11,035","11,528","11,709","11,888","12,992","14,616","15,864","15,528","16,079","14,832","14,037","14,235","14,398","15,431","16,349","16,382","15,583","17,187","16,020","17,784","16,573","15,663","14,218","16,769","14,280","16,063","15,945","19,824","18,932","16,311","15,022","14,625","14,197","14,839","12,137","10,683","11,947","9,105","10,731","10,366","9,805","9,584","6,371","7,746","8,492","9,334","10,655","7,977","7,652","8,305","7,413","6,876","6,476","5,789","4,721","3,986","3,464","2,320","1,886","1,628","1,182",797,555,361,258,258,389
傈扼合档  (4500000000),"1,775,664","1,775,664","6,930","7,899","8,499","9,409","10,583","11,765","13,569","14,556","14,579","15,416","16,533","17,174","16,056","16,153","17,171","17,067","16,179","16,617","17,460","17,428","18,753","21,231","21,748","20,497","20,618","20,102","20,159","19,528","19,515","18,928","18,418","17,173","16,701","16,242","15,978","16,470","17,464","17,723","19,771","21,972","23,944","24,153","24,759","24,062","24,089","24,125","24,493","26,438","30,299","30,016","29,619","32,370","29,857","32,026","30,545","29,390","29,702","29,296","26,118","30,451","28,594","34,640","34,274","29,189","26,661","27,169","24,865","26,800","21,831","18,818","20,637","18,188","20,685","17,989","18,063","19,490","13,265","13,397","12,942","15,447","18,102","12,497","11,760","11,722","10,471","9,353","8,581","7,527","6,141","5,046","3,948","2,965","2,424","1,886","1,526","1,002",570,414,245,308,446,"883,436","883,436","3,434","4,005","4,357","4,798","5,397","6,051","7,005","7,445","7,490","7,970","8,557","8,742","8,248","8,371","8,864","8,779","8,399","8,748","9,007","9,115","10,014","11,251","11,708","11,259","11,483","10,906","11,111","10,588","10,659","10,113","9,703","9,110","8,884","8,510","8,182","8,444","8,898","9,017","10,122","11,232","12,127","12,339","12,642","12,306","12,304","12,428","12,622","13,522","15,707","15,380","15,511","17,091","15,558","16,607","15,936","15,115","15,474","15,136","13,502","15,774","14,670","17,280","16,924","14,428","13,319","13,722","12,339","13,047","10,607","9,077","9,900","8,704","9,685","8,230","8,264","9,047","5,981","5,752","5,282","6,040","6,978","4,698","4,264","4,154","3,543","3,009","2,660","2,303","1,757","1,321",966,683,510,424,312,180,89,75,38,56,61,"892,228","892,228","3,496","3,894","4,142","4,611","5,186","5,714","6,564","7,111","7,089","7,446","7,976","8,432","7,808","7,782","8,307","8,288","7,780","7,869","8,453","8,313","8,739","9,980","10,040","9,238","9,135","9,196","9,048","8,940","8,856","8,815","8,715","8,063","7,817","7,732","7,796","8,026","8,566","8,706","9,649","10,740","11,817","11,814","12,117","11,756","11,785","11,697","11,871","12,916","14,592","14,636","14,108","15,279","14,299","15,419","14,609","14,275","14,228","14,160","12,616","14,677","13,924","17,360","17,350","14,761","13,342","13,447","12,526","13,753","11,224","9,741","10,737","9,484","11,000","9,759","9,799","10,443","7,284","7,645","7,660","9,407","11,124","7,799","7,496","7,568","6,928","6,344","5,921","5,224","4,384","3,725","2,982","2,282","1,914","1,462","1,214",822,481,339,207,252,385
傈扼巢档  (4600000000),"1,824,104","1,824,104","7,705","8,839","9,620","10,472","11,150","12,052","13,704","14,349","14,407","15,612","16,417","16,959","15,780","15,420","16,661","16,201","15,299","15,419","16,847","16,338","17,543","19,732","20,372","18,971","18,820","19,016","19,086","18,541","18,291","18,131","17,785","16,214","16,073","15,374","15,391","16,221","17,214","17,875","19,690","22,053","24,142","23,802","24,779","23,894","23,197","23,670","23,814","25,145","28,372","29,360","29,096","32,191","30,511","32,064","32,347","30,476","32,418","31,123","29,400","33,286","30,445","36,156","36,337","32,631","29,689","28,928","25,776","27,489","22,051","20,463","23,246","20,208","20,986","20,350","20,202","20,789","14,781","16,527","14,718","18,734","19,770","16,369","15,342","14,239","12,726","11,394","9,691","8,314","6,959","5,507","4,624","3,554","3,192","2,093","1,491","1,064",734,494,351,418,541,"918,260","918,260","3,952","4,458","4,945","5,313","5,711","6,240","6,992","7,341","7,354","7,908","8,269","8,668","8,242","7,899","8,591","8,316","7,879","7,939","8,848","8,644","9,614","11,011","11,352","10,743","10,603","10,681","10,880","10,534","10,193","9,976","9,491","8,732","8,553","8,157","8,009","8,349","8,918","9,409","10,182","11,621","12,780","12,655","13,016","12,498","12,325","12,531","12,842","13,405","15,285","15,692","15,817","17,488","16,375","17,341","17,392","16,537","17,779","16,660","15,529","17,797","16,021","18,510","18,478","16,684","15,334","14,765","13,122","13,720","10,898","10,037","11,204","9,759","10,012","9,703","9,349","9,355","6,550","6,859","5,901","7,201","7,500","5,926","5,271","4,739","3,951","3,474","2,686","2,248","1,767","1,329","1,051",729,557,457,299,181,124,73,67,52,56,"905,844","905,844","3,753","4,381","4,675","5,159","5,439","5,812","6,712","7,008","7,053","7,704","8,148","8,291","7,538","7,521","8,070","7,885","7,420","7,480","7,999","7,694","7,929","8,721","9,020","8,228","8,217","8,335","8,206","8,007","8,098","8,155","8,294","7,482","7,520","7,217","7,382","7,872","8,296","8,466","9,508","10,432","11,362","11,147","11,763","11,396","10,872","11,139","10,972","11,740","13,087","13,668","13,279","14,703","14,136","14,723","14,955","13,939","14,639","14,463","13,871","15,489","14,424","17,646","17,859","15,947","14,355","14,163","12,654","13,769","11,153","10,426","12,042","10,449","10,974","10,647","10,853","11,434","8,231","9,668","8,817","11,533","12,270","10,443","10,071","9,500","8,775","7,920","7,005","6,066","5,192","4,178","3,573","2,825","2,635","1,636","1,192",883,610,421,284,366,485
版惑合档  (4700000000),"2,609,356","2,609,356","10,989","12,341","13,365","14,673","16,136","17,752","20,255","20,991","20,848","21,876","22,965","23,077","21,130","21,270","22,717","22,354","21,260","21,297","22,474","21,725","23,859","27,270","28,035","26,005","26,242","26,638","26,782","26,886","26,742","27,034","27,458","25,073","25,782","24,965","24,919","25,950","27,038","27,369","29,495","33,697","36,824","37,144","37,626","34,993","34,093","34,358","35,253","38,101","42,087","42,411","42,382","45,625","44,752","47,346","46,813","44,354","45,243","45,176","42,426","47,900","46,738","55,542","53,159","47,441","42,936","44,165","40,773","40,737","34,797","34,472","35,141","26,100","27,670","28,960","27,157","24,701","15,078","18,853","20,694","24,172","24,018","19,106","18,158","17,787","15,065","13,490","12,406","11,109","8,666","6,873","5,760","4,094","3,226","2,545","1,980","1,382",840,639,361,351,573,"1,315,815","1,315,815","5,610","6,315","6,814","7,588","8,349","9,070","10,378","10,810","10,776","11,305","11,952","12,016","10,913","11,130","11,799","11,747","11,218","11,204","12,055","11,666","13,140","15,163","15,778","14,908","15,147","15,196","15,403","15,522","15,342","15,275","15,255","13,736","14,259","13,863","13,487","13,671","14,418","14,492","15,337","17,448","18,931","19,504","19,674","18,275","17,789","17,946","18,299","19,656","21,804","21,944","22,298","24,066","23,273","24,591","24,005","22,773","23,889","23,052","22,027","24,741","23,999","28,261","26,516","23,881","21,867","22,446","20,344","19,892","16,971","16,687","16,659","12,465","13,254","13,882","12,932","11,329","6,963","7,979","8,275","9,427","9,279","7,055","6,525","6,119","4,876","4,217","3,822","3,125","2,436","1,766","1,370",930,653,499,360,257,120,94,68,55,68,"1,293,541","1,293,541","5,379","6,026","6,551","7,085","7,787","8,682","9,877","10,181","10,072","10,571","11,013","11,061","10,217","10,140","10,918","10,607","10,042","10,093","10,419","10,059","10,719","12,107","12,257","11,097","11,095","11,442","11,379","11,364","11,400","11,759","12,203","11,337","11,523","11,102","11,432","12,279","12,620","12,877","14,158","16,249","17,893","17,640","17,952","16,718","16,304","16,412","16,954","18,445","20,283","20,467","20,084","21,559","21,479","22,755","22,808","21,581","21,354","22,124","20,399","23,159","22,739","27,281","26,643","23,560","21,069","21,719","20,429","20,845","17,826","17,785","18,482","13,635","14,416","15,078","14,225","13,372","8,115","10,874","12,419","14,745","14,739","12,051","11,633","11,668","10,189","9,273","8,584","7,984","6,230","5,107","4,390","3,164","2,573","2,046","1,620","1,125",720,545,293,296,505
版惑巢档  (4800000000),"3,290,991","3,290,991","13,807","16,055","17,748","19,763","22,372","25,329","29,012","30,262","30,706","31,600","33,399","34,186","31,531","31,461","33,574","32,182","30,101","29,794","31,579","30,060","32,056","35,424","36,548","33,817","34,452","34,672","35,216","34,703","35,288","35,854","35,948","33,693","33,907","33,396","33,147","34,254","36,582","37,955","41,891","47,297","51,694","53,535","54,364","50,583","48,496","47,947","48,239","52,602","56,773","58,803","57,379","62,127","59,713","63,180","59,317","57,011","56,745","55,371","48,917","58,145","56,085","67,119","61,661","54,677","50,744","50,316","45,936","47,151","37,655","34,960","36,259","27,919","29,676","29,069","28,725","26,022","17,018","20,986","19,797","21,834","22,001","18,816","17,151","16,159","13,592","12,893","11,228","9,611","8,106","6,300","5,306","3,941","3,075","2,435","1,699","1,198",781,533,314,287,394,"1,656,746","1,656,746","6,979","8,204","9,196","10,074","11,550","13,132","14,886","15,463","15,900","16,182","17,207","17,640","16,289","16,287","17,289","16,670","15,706","15,634","16,714","16,225","17,743","19,860","20,487","19,176","19,379","19,525","19,958","19,528","19,429","19,757","19,391","18,105","18,346","17,899","17,284","17,631","19,233","19,658","21,532","24,315","26,405","27,683","27,916","26,002","24,960","24,831","24,822","26,802","29,052","30,036","29,890","31,930","30,487","32,209","29,966","29,039","29,481","28,011","24,933","30,041","28,482","33,271","30,832","27,611","25,601","25,210","22,674","22,971","18,650","16,896","17,523","13,244","14,095","13,687","13,380","11,754","7,686","9,014","8,038","8,506","8,252","6,832","5,896","5,323","4,382","3,953","3,194","2,589","2,040","1,457","1,161",771,516,471,278,212,112,72,53,45,53,"1,634,245","1,634,245","6,828","7,851","8,552","9,689","10,822","12,197","14,126","14,799","14,806","15,418","16,192","16,546","15,242","15,174","16,285","15,512","14,395","14,160","14,865","13,835","14,313","15,564","16,061","14,641","15,073","15,147","15,258","15,175","15,859","16,097","16,557","15,588","15,561","15,497","15,863","16,623","17,349","18,297","20,359","22,982","25,289","25,852","26,448","24,581","23,536","23,116","23,417","25,800","27,721","28,767","27,489","30,197","29,226","30,971","29,351","27,972","27,264","27,360","23,984","28,104","27,603","33,848","30,829","27,066","25,143","25,106","23,262","24,180","19,005","18,064","18,736","14,675","15,581","15,382","15,345","14,268","9,332","11,972","11,759","13,328","13,749","11,984","11,255","10,836","9,210","8,940","8,034","7,022","6,066","4,843","4,145","3,170","2,559","1,964","1,421",986,669,461,261,242,341
力林漂喊磊摹档  (5000000000),"679,016","679,016","3,542","3,921","4,395","4,864","5,412","5,885","6,694","7,065","7,129","7,281","7,745","7,697","7,121","6,996","7,079","7,307","6,595","6,463","6,885","6,637","6,839","7,741","8,065","7,586","7,651","7,910","8,081","8,168","8,322","8,513","8,283","7,457","7,454","7,129","6,963","7,385","7,845","8,291","8,928","10,258","11,382","11,552","11,306","10,979","10,053","10,419","10,263","11,065","12,325","12,329","12,460","13,387","12,307","12,371","12,097","10,855","11,378","10,550","10,285","11,303","10,242","10,906","10,821","9,684","8,872","8,701","8,061","8,326","6,230","5,659","5,734","5,019","4,872","5,207","5,092","4,999","4,104","3,936","3,922","3,794","3,905","3,508","3,118","3,058","2,704","2,410","2,120","1,906","1,729","1,501","1,124",835,749,512,367,234,163,123,82,226,213,"340,105","340,105","1,835","2,033","2,262","2,465","2,791","3,053","3,487","3,602","3,642","3,698","3,991","3,943","3,762","3,572","3,664","3,734","3,461","3,454","3,650","3,476","3,779","4,149","4,272","4,024","4,038","4,156","4,270","4,291","4,425","4,381","4,341","3,810","3,796","3,557","3,510","3,679","3,995","4,118","4,391","5,073","5,702","5,821","5,645","5,523","5,071","5,397","5,383","5,833","6,364","6,328","6,402","6,935","6,454","6,426","6,284","5,678","6,013","5,429","5,303","5,845","5,210","5,442","5,432","4,877","4,433","4,332","4,013","4,005","3,034","2,662","2,773","2,410","2,205","2,445","2,415","2,253","1,864","1,774","1,662","1,613","1,596","1,361","1,174","1,109",959,786,667,564,460,348,241,184,122,91,39,22,18,12,10,11,11,"338,911","338,911","1,707","1,888","2,133","2,399","2,621","2,832","3,207","3,463","3,487","3,583","3,754","3,754","3,359","3,424","3,415","3,573","3,134","3,009","3,235","3,161","3,060","3,592","3,793","3,562","3,613","3,754","3,811","3,877","3,897","4,132","3,942","3,647","3,658","3,572","3,453","3,706","3,850","4,173","4,537","5,185","5,680","5,731","5,661","5,456","4,982","5,022","4,880","5,232","5,961","6,001","6,058","6,452","5,853","5,945","5,813","5,177","5,365","5,121","4,982","5,458","5,032","5,464","5,389","4,807","4,439","4,369","4,048","4,321","3,196","2,997","2,961","2,609","2,667","2,762","2,677","2,746","2,240","2,162","2,260","2,181","2,309","2,147","1,944","1,949","1,745","1,624","1,453","1,342","1,269","1,153",883,651,627,421,328,212,145,111,72,215,202
